<?xml version="1.0"?>
<!--<!DOCTYPE metadata SYSTEM "http://www.esri.com/metadata/esriprof80.dtd">-->
<metadata xml:lang="en"><Esri><CreaDate>20210621</CreaDate><CreaTime>10455700</CreaTime><SyncOnce>FALSE</SyncOnce><SyncDate>20100331</SyncDate><SyncTime>13152400</SyncTime><ModDate>20100331</ModDate><ModTime>13152400</ModTime><DataProperties><lineage><Process ToolSource="C:\Program Files\ArcGIS\ArcToolbox\Toolboxes\Data Management Tools.tbx\CopyFeatures" Date="20050815" Time="161919">CopyFeatures D:\NEONdata\vector\DeanUSimplfiedUSMap\STATES.shp D:\NEONdata\vector\domains.mdb\STATES # 0 0 0</Process><Process ToolSource="C:\Program Files\ArcGIS\ArcToolbox\Toolboxes\Data Management Tools.tbx\Merge" Date="20080924" Time="095842">Merge domain1_bndry;domain2_bndry;domain3_bndry;domain4_bndry;domain5_bndry;domain6_bndry;Domain7_bndry;domain8_bndry;domain9_bndry;domain10_bndry;domain11_bndry;Domain12_bndry;domain13_bndry;domain14_bndry;domain15_bndry;domain16_bndry;17_DomBndry;domain18_bndry;domain19_bndry;domain20_bndry Z:\Caldwell\v5\DomainsMergeV5.shp "OBJECTID 'OBJECTID' true true false 9 Long 0 9 ,First,#,domain1_bndry,OBJECTID,-1,-1,domain2_bndry,OBJECTID,-1,-1,domain3_bndry,OBJECTID,-1,-1,domain4_bndry,OBJECTID,-1,-1,domain5_bndry,OBJECTID,-1,-1,domain6_bndry,OBJECTID,-1,-1,Domain7_bndry,OBJECTID,-1,-1,domain8_bndry,OBJECTID,-1,-1,domain9_bndry,OBJECTID,-1,-1,domain10_bndry,OBJECTID,-1,-1,domain11_bndry,OBJECTID,-1,-1,Domain12_bndry,OBJECTID,-1,-1,domain13_bndry,OBJECTID,-1,-1,domain14_bndry,OBJECTID,-1,-1,domain15_bndry,OBJECTID,-1,-1,domain16_bndry,OBJECTID,-1,-1,17_DomBndry,OBJECTID,-1,-1,domain18_bndry,OBJECTID,-1,-1,domain19_bndry,OBJECTID,-1,-1,domain20_bndry,OBJECTID,-1,-1;Shape_Leng 'Shape_Leng' true true false 19 Double 0 0 ,First,#,domain1_bndry,Shape_Leng,-1,-1,domain2_bndry,Shape_Leng,-1,-1,domain3_bndry,Shape_Leng,-1,-1,domain4_bndry,Shape_Leng,-1,-1,domain5_bndry,Shape_Leng,-1,-1,domain6_bndry,Shape_Leng,-1,-1,Domain7_bndry,Shape_Leng,-1,-1,domain8_bndry,Shape_Leng,-1,-1,domain9_bndry,Shape_Leng,-1,-1,domain10_bndry,Shape_Leng,-1,-1,domain11_bndry,Shape_Leng,-1,-1,Domain12_bndry,Shape_Leng,-1,-1,domain13_bndry,Shape_Leng,-1,-1,domain14_bndry,Shape_Leng,-1,-1,domain15_bndry,Shape_Leng,-1,-1,domain16_bndry,Shape_Leng,-1,-1,17_DomBndry,Shape_Leng,-1,-1,domain18_bndry,Shape_Leng,-1,-1,domain19_bndry,Shape_Leng,-1,-1,domain20_bndry,Shape_Leng,-1,-1;Shape_Area 'Shape_Area' true true false 19 Double 0 0 ,First,#,domain1_bndry,Shape_Area,-1,-1,domain2_bndry,Shape_Area,-1,-1,domain3_bndry,Shape_Area,-1,-1,domain4_bndry,Shape_Area,-1,-1,domain5_bndry,Shape_Area,-1,-1,domain6_bndry,Shape_Area,-1,-1,Domain7_bndry,Shape_Area,-1,-1,domain8_bndry,Shape_Area,-1,-1,domain9_bndry,Shape_Area,-1,-1,domain10_bndry,Shape_Area,-1,-1,domain11_bndry,Shape_Area,-1,-1,Domain12_bndry,Shape_Area,-1,-1,domain13_bndry,Shape_Area,-1,-1,domain14_bndry,Shape_Area,-1,-1,domain15_bndry,Shape_Area,-1,-1,domain16_bndry,Shape_Area,-1,-1,17_DomBndry,Shape_Area,-1,-1,domain18_bndry,Shape_Area,-1,-1,domain19_bndry,Shape_Area,-1,-1,domain20_bndry,Shape_Area,-1,-1;DomainID 'DomainID' true true false 4 Short 0 4 ,First,#,domain1_bndry,DomainID,-1,-1,domain2_bndry,DomainID,-1,-1,domain3_bndry,DomainID,-1,-1,domain4_bndry,DomainID,-1,-1,domain5_bndry,DomainID,-1,-1,domain6_bndry,DomainID,-1,-1,Domain7_bndry,DomainID,-1,-1,domain8_bndry,DomainID,-1,-1,domain9_bndry,DomainID,-1,-1,domain10_bndry,DomainID,-1,-1,domain11_bndry,DomainID,-1,-1,Domain12_bndry,DomainID,-1,-1,domain13_bndry,DomainID,-1,-1,domain14_bndry,DomainID,-1,-1,domain15_bndry,DomainID,-1,-1,domain16_bndry,DomainID,-1,-1,17_DomBndry,DomainID,-1,-1,domain18_bndry,DomainID,-1,-1,domain19_bndry,DomainID,-1,-1,domain20_bndry,DomainID,-1,-1;DomainName 'DomainName' true true false 50 Text 0 0 ,First,#,domain1_bndry,DomainName,-1,-1,domain2_bndry,DomainName,-1,-1,domain3_bndry,DomainName,-1,-1,domain4_bndry,DomainName,-1,-1,domain5_bndry,DomainName,-1,-1,domain6_bndry,DomainName,-1,-1,Domain7_bndry,DomainName,-1,-1,domain8_bndry,DomainName,-1,-1,domain9_bndry,DomainName,-1,-1,domain10_bndry,DomainName,-1,-1,domain11_bndry,DomainName,-1,-1,Domain12_bndry,DomainName,-1,-1,domain13_bndry,DomainName,-1,-1,domain14_bndry,DomainName,-1,-1,domain15_bndry,DomainName,-1,-1,domain16_bndry,DomainName,-1,-1,17_DomBndry,DomainName,-1,-1,domain18_bndry,DomainName,-1,-1,domain19_bndry,DomainName,-1,-1,domain20_bndry,DomainName,-1,-1"</Process><Process ToolSource="C:\Program Files\ArcGIS\ArcToolbox\Toolboxes\Conversion Tools.tbx\FeatureClassToFeatureClass" Date="20090406" Time="095344">FeatureClassToFeatureClass P:\Science\NEON_GIS_V5-final\AllDomains\DomainsMergeV5.shp P:\Science\GIS_NEON\Datasets\Databank\Candidate_Sites\NEON_Data_V4.0.gdb\Domains DomainsMergeV5 # "OBJECTID 'OBJECTID' true true false 9 Long 0 9 ,First,#,P:\Science\NEON_GIS_V5-final\AllDomains\DomainsMergeV5.shp,OBJECTID,-1,-1;Shape_Leng 'Shape_Leng' true true false 19 Double 0 0 ,First,#,P:\Science\NEON_GIS_V5-final\AllDomains\DomainsMergeV5.shp,Shape_Leng,-1,-1;Shape_Area 'Shape_Area' true true false 19 Double 0 0 ,First,#,P:\Science\NEON_GIS_V5-final\AllDomains\DomainsMergeV5.shp,Shape_Area,-1,-1;DomainID 'DomainID' true true false 4 Short 0 4 ,First,#,P:\Science\NEON_GIS_V5-final\AllDomains\DomainsMergeV5.shp,DomainID,-1,-1;DomainName 'DomainName' true true false 50 Text 0 0 ,First,#,P:\Science\NEON_GIS_V5-final\AllDomains\DomainsMergeV5.shp,DomainName,-1,-1" # P:\Science\GIS_NEON\Datasets\Databank\Candidate_Sites\NEON_Data_V4.0.gdb\Domains\DomainsMergeV5</Process><Process ToolSource="C:\Program Files\ArcGIS\ArcToolbox\Toolboxes\Conversion Tools.tbx\FeatureClassToFeatureClass" Date="20100331" Time="131524">FeatureClassToFeatureClass G:\NEON_GIS\NEON_Internal_Data\Candidate_Sites\NEON_Data_V4.0.gdb\Domains\DomainsMergeV5 G:\NEON_GIS\NEON_Internal_Data\Candidate_Sites\NEON_Domains NEON_Domains.shp # "OBJECTID 'OBJECTID' true true false 4 Long 0 0 ,First,#,G:\NEON_GIS\NEON_Internal_Data\Candidate_Sites\NEON_Data_V4.0.gdb\Domains\DomainsMergeV5,OBJECTID,-1,-1;Shape_Leng 'Shape_Leng' true true false 8 Double 0 0 ,First,#,G:\NEON_GIS\NEON_Internal_Data\Candidate_Sites\NEON_Data_V4.0.gdb\Domains\DomainsMergeV5,Shape_Leng,-1,-1;DomainID 'DomainID' true true false 2 Short 0 0 ,First,#,G:\NEON_GIS\NEON_Internal_Data\Candidate_Sites\NEON_Data_V4.0.gdb\Domains\DomainsMergeV5,DomainID,-1,-1;DomainName 'DomainName' true true false 50 Text 0 0 ,First,#,G:\NEON_GIS\NEON_Internal_Data\Candidate_Sites\NEON_Data_V4.0.gdb\Domains\DomainsMergeV5,DomainName,-1,-1;Shape_Le_1 'Shape_Length' false true true 8 Double 0 0 ,First,#,G:\NEON_GIS\NEON_Internal_Data\Candidate_Sites\NEON_Data_V4.0.gdb\Domains\DomainsMergeV5,Shape_Length,-1,-1;Shape_Area 'Shape_Area' false true true 8 Double 0 0 ,First,#,G:\NEON_GIS\NEON_Internal_Data\Candidate_Sites\NEON_Data_V4.0.gdb\Domains\DomainsMergeV5,Shape_Area,-1,-1" # G:\NEON_GIS\NEON_Internal_Data\Candidate_Sites\NEON_Domains\NEON_Domains.shp</Process></lineage></DataProperties><ArcGISFormat>1.0</ArcGISFormat></Esri><idinfo><citation><citeinfo><onlink Sync="TRUE">\\nascifs01\neon_gis\NEON_GIS\NEON_Internal_Data\Candidate_Sites\NEON_Domains\NEON_Domains.shp</onlink><origin>REQUIRED: The name of an organization or individual that developed the data set.</origin><pubdate>REQUIRED: The date when the data set is published or otherwise made available for release.</pubdate><title Sync="TRUE">NEON_Domains</title><ftname Sync="TRUE">NEON_Domains</ftname><geoform Sync="TRUE">vector digital data</geoform></citeinfo></citation><native Sync="TRUE">Microsoft Windows XP Version 5.1 (Build 2600) Service Pack 3; ESRI ArcCatalog 9.3.1.3000</native><descript><langdata Sync="TRUE">en</langdata><abstract>REQUIRED: A brief narrative summary of the data set.</abstract><purpose>REQUIRED: A summary of the intentions with which the data set was developed.</purpose></descript><timeperd><current>REQUIRED: The basis on which the time period of content information is determined.</current><timeinfo><sngdate><caldate>REQUIRED: The year (and optionally month, or month and day) for which the data set corresponds to the ground.</caldate></sngdate></timeinfo></timeperd><status><progress>REQUIRED: The state of the data set.</progress><update>REQUIRED: The frequency with which changes and additions are made to the data set after the initial data set is completed.</update></status><spdom><bounding><westbc Sync="TRUE">-168.124433</westbc><eastbc Sync="TRUE">-66.969271</eastbc><northbc Sync="TRUE">71.406235</northbc><southbc Sync="TRUE">18.924782</southbc></bounding><lboundng><leftbc Sync="TRUE">-168.124433</leftbc><rightbc Sync="TRUE">-66.969271</rightbc><bottombc Sync="TRUE">18.924782</bottombc><topbc Sync="TRUE">71.406235</topbc></lboundng></spdom><keywords><theme><themekt>REQUIRED: Reference to a formally registered thesaurus or a similar authoritative source of theme keywords.</themekt><themekey>REQUIRED: Common-use word or phrase used to describe the subject of the data set.</themekey></theme></keywords><accconst>REQUIRED: Restrictions and legal prerequisites for accessing the data set.</accconst><useconst>REQUIRED: Restrictions and legal prerequisites for using the data set after access is granted.</useconst><natvform Sync="TRUE">Shapefile</natvform></idinfo><distInfo><distributor><distorTran><onLineSrc><linkage Sync="TRUE">file://\\nascifs01\neon_gis\NEON_GIS\NEON_Internal_Data\Candidate_Sites\NEON_Domains\NEON_Domains.shp</linkage><protocol Sync="TRUE">Local Area Network</protocol><orDesc Sync="TRUE">002</orDesc></onLineSrc><transSize Sync="TRUE">0.000</transSize></distorTran><distorFormat><formatName Sync="TRUE">Shapefile</formatName></distorFormat></distributor></distInfo><dataqual><lineage><procstep><procdesc Sync="TRUE">Dataset copied.</procdesc><srcused Sync="TRUE">C:\ESRI\ESRIDATA\USA\STATES</srcused><date Sync="TRUE">20021125</date><time Sync="TRUE">19014300</time></procstep><procstep><procdesc Sync="TRUE">Dataset copied.</procdesc><srcused Sync="TRUE">\\NEONGIS\NEONdata\vector\domains.mdb</srcused><date Sync="TRUE">20050817</date><time Sync="TRUE">10335700</time></procstep><procstep><procdesc Sync="TRUE">Dataset copied.</procdesc><srcused Sync="TRUE"></srcused><date Sync="TRUE">20080710</date><time Sync="TRUE">15562300</time></procstep><procstep><procdesc Sync="TRUE">Dataset copied.</procdesc><srcused Sync="TRUE"></srcused><date Sync="TRUE">20080728</date><time Sync="TRUE">15383100</time></procstep><procstep><procdesc Sync="TRUE">Dataset copied.</procdesc><srcused Sync="TRUE">P:\Science\Caldwell\Boundaries\DomainsMergeV5</srcused><procdate Sync="TRUE">20081113</procdate><proctime Sync="TRUE">16020000</proctime></procstep></lineage></dataqual><dataIdInfo><envirDesc Sync="TRUE">Microsoft Windows XP Version 5.1 (Build 2600) Service Pack 3; ESRI ArcCatalog 9.3.1.3000</envirDesc><dataLang><languageCode Sync="TRUE" value="en"></languageCode></dataLang><idCitation><resTitle Sync="TRUE">NEON_Domains</resTitle><presForm><PresFormCd Sync="TRUE" value="005"></PresFormCd></presForm></idCitation><spatRpType><SpatRepTypCd Sync="TRUE" value="001"></SpatRepTypCd></spatRpType><dataExt><geoEle><GeoBndBox esriExtentType="native"><westBL Sync="TRUE">-168.124433</westBL><eastBL Sync="TRUE">-66.969271</eastBL><northBL Sync="TRUE">71.406235</northBL><southBL Sync="TRUE">18.924782</southBL><exTypeCode Sync="TRUE">1</exTypeCode></GeoBndBox></geoEle></dataExt><geoBox esriExtentType="decdegrees"><westBL Sync="TRUE">-168.124433</westBL><eastBL Sync="TRUE">-66.969271</eastBL><northBL Sync="TRUE">71.406235</northBL><southBL Sync="TRUE">18.924782</southBL><exTypeCode Sync="TRUE">1</exTypeCode></geoBox></dataIdInfo><metainfo><langmeta Sync="TRUE">en</langmeta><metstdn Sync="TRUE">FGDC Content Standards for Digital Geospatial Metadata</metstdn><metstdv Sync="TRUE">FGDC-STD-001-1998</metstdv><mettc Sync="TRUE">local time</mettc><metc><cntinfo><cntorgp><cntper>REQUIRED: The person responsible for the metadata information.</cntper><cntorg>REQUIRED: The organization responsible for the metadata information.</cntorg></cntorgp><cntaddr><addrtype>REQUIRED: The mailing and/or physical address for the organization or individual.</addrtype><city>REQUIRED: The city of the address.</city><state>REQUIRED: The state or province of the address.</state><postal>REQUIRED: The ZIP or other postal code of the address.</postal></cntaddr><cntvoice>REQUIRED: The telephone number by which individuals can speak to the organization or individual.</cntvoice></cntinfo></metc><metd Sync="TRUE">20100331</metd><metextns><onlink Sync="TRUE">http://www.esri.com/metadata/esriprof80.html</onlink><metprof Sync="TRUE">ESRI Metadata Profile</metprof></metextns></metainfo><mdLang><languageCode Sync="TRUE" value="en"></languageCode></mdLang><mdStanName Sync="TRUE">ISO 19115 Geographic Information - Metadata</mdStanName><mdStanVer Sync="TRUE">DIS_ESRI1.0</mdStanVer><mdChar><CharSetCd Sync="TRUE" value="004"></CharSetCd></mdChar><mdHrLv><ScopeCd Sync="TRUE" value="005"></ScopeCd></mdHrLv><mdHrLvName Sync="TRUE">dataset</mdHrLvName><distinfo><resdesc Sync="TRUE">Downloadable Data</resdesc><stdorder><digform><digtinfo><transize Sync="TRUE">0.000</transize><dssize Sync="TRUE">0.000</dssize></digtinfo></digform></stdorder></distinfo><spdoinfo><direct Sync="TRUE">Vector</direct><ptvctinf><esriterm Name="NEON_Domains"><efeatyp Sync="TRUE">Simple</efeatyp><efeageom Sync="TRUE">Polygon</efeageom><esritopo Sync="TRUE">FALSE</esritopo><efeacnt Sync="TRUE">0</efeacnt><spindex Sync="TRUE">FALSE</spindex><linrefer Sync="TRUE">FALSE</linrefer></esriterm><sdtsterm Name="NEON_Domains"><sdtstype Sync="TRUE">G-polygon</sdtstype><ptvctcnt Sync="TRUE">0</ptvctcnt></sdtsterm></ptvctinf></spdoinfo><spref><horizsys><cordsysn><geogcsn Sync="TRUE">GCS_WGS_1984</geogcsn></cordsysn><geograph><geogunit Sync="TRUE">Decimal degrees</geogunit><latres Sync="TRUE">0.000000</latres><longres Sync="TRUE">0.000000</longres></geograph><geodetic><horizdn Sync="TRUE">D_WGS_1984</horizdn><ellips Sync="TRUE">WGS_1984</ellips><semiaxis Sync="TRUE">6378137.000000</semiaxis><denflat Sync="TRUE">298.257224</denflat></geodetic></horizsys><vertdef><altsys><altenc Sync="TRUE">Explicit elevation coordinate included with horizontal coordinates</altenc><altres Sync="TRUE">0.000100</altres></altsys></vertdef></spref><refSysInfo><RefSystem><refSysID><identCode Sync="TRUE">GCS_WGS_1984</identCode></refSysID></RefSystem></refSysInfo><spatRepInfo><VectSpatRep><topLvl><TopoLevCd Sync="TRUE" value="001"></TopoLevCd></topLvl><geometObjs Name="NEON_Domains"><geoObjTyp><GeoObjTypCd Sync="TRUE" value="001"></GeoObjTypCd></geoObjTyp><geoObjCnt Sync="TRUE">0</geoObjCnt></geometObjs></VectSpatRep></spatRepInfo><eainfo><detailed Name="NEON_Domains"><attr><attrlabl Sync="TRUE">DomainName</attrlabl><attalias Sync="TRUE">DomainName</attalias><attrtype Sync="TRUE">String</attrtype><attwidth Sync="TRUE">50</attwidth></attr><attr><attrlabl Sync="TRUE">FID</attrlabl><attalias Sync="TRUE">FID</attalias><attrtype Sync="TRUE">OID</attrtype><attwidth Sync="TRUE">4</attwidth><atprecis Sync="TRUE">0</atprecis><attscale Sync="TRUE">0</attscale><attrdef Sync="TRUE">Internal feature number.</attrdef><attrdefs Sync="TRUE">ESRI</attrdefs><attrdomv><udom Sync="TRUE">Sequential unique whole numbers that are automatically generated.</udom></attrdomv></attr><enttyp><enttypl Sync="TRUE">NEON_Domains</enttypl><enttypt Sync="TRUE">Feature Class</enttypt><enttypc Sync="TRUE">0</enttypc></enttyp><attr><attrlabl Sync="TRUE">OBJECTID</attrlabl><attalias Sync="TRUE">OBJECTID</attalias><attrtype Sync="TRUE">Number</attrtype><attwidth Sync="TRUE">9</attwidth><attrdef Sync="TRUE">Internal feature number.</attrdef><attrdefs Sync="TRUE">ESRI</attrdefs><attrdomv><udom Sync="TRUE">Sequential unique whole numbers that are automatically generated.</udom></attrdomv></attr><attr><attrlabl Sync="TRUE">Shape</attrlabl><attalias Sync="TRUE">Shape</attalias><attrtype Sync="TRUE">Geometry</attrtype><attwidth Sync="TRUE">0</attwidth><attrdef Sync="TRUE">Feature geometry.</attrdef><attrdefs Sync="TRUE">ESRI</attrdefs><attrdomv><udom Sync="TRUE">Coordinates defining the features.</udom></attrdomv><atprecis Sync="TRUE">0</atprecis><attscale Sync="TRUE">0</attscale></attr><attr><attrlabl Sync="TRUE">Shape_Area</attrlabl><attalias Sync="TRUE">Shape_Area</attalias><attrtype Sync="TRUE">Float</attrtype><attwidth Sync="TRUE">19</attwidth><attrdef Sync="TRUE">Area of feature in internal units squared.</attrdef><attrdefs Sync="TRUE">ESRI</attrdefs><attrdomv><udom Sync="TRUE">Positive real numbers that are automatically generated.</udom></attrdomv><atnumdec Sync="TRUE">11</atnumdec></attr><attr><attrlabl Sync="TRUE">DomainID</attrlabl><attalias Sync="TRUE">DomainID</attalias><attrtype Sync="TRUE">Number</attrtype><attwidth Sync="TRUE">4</attwidth></attr><attr><attrlabl Sync="TRUE">Shape_Le_1</attrlabl><attalias Sync="TRUE">Shape_Le_1</attalias><attrtype Sync="TRUE">Float</attrtype><attwidth Sync="TRUE">19</attwidth><atnumdec Sync="TRUE">11</atnumdec></attr><attr><attrlabl Sync="TRUE">Shape_Leng</attrlabl><attalias Sync="TRUE">Shape_Leng</attalias><attrtype Sync="TRUE">Float</attrtype><attwidth Sync="TRUE">19</attwidth><atnumdec Sync="TRUE">11</atnumdec></attr></detailed></eainfo><mdDateSt Sync="TRUE">20100331</mdDateSt></metadata>
